{"cameraMode":{"drawMode":0,"name":"Shaded","section":"Shading Mode"},"sceneLighting":false,"audioPlay":false,"sceneViewState":{"m_AlwaysRefresh":false,"showFog":true,"showSkybox":false,"showFlares":true,"showImageEffects":true,"showParticleSystems":true,"showVisualEffectGraphs":true,"m_FxEnabled":true},"in2DMode":false,"pivot":{"x":0.024660587310791017,"y":0.7808709740638733,"z":0.13654661178588868},"rotation":{"x":-0.08321390300989151,"y":-0.916762113571167,"z":0.27908799052238467,"w":-0.27352648973464968},"size":2.976949453353882,"orthographic":false}