{"cameraMode":{"drawMode":0,"name":"Shaded","section":"Shading Mode"},"sceneLighting":false,"audioPlay":false,"sceneViewState":{"m_AlwaysRefresh":false,"showFog":true,"showSkybox":false,"showFlares":true,"showImageEffects":true,"showParticleSystems":true,"showVisualEffectGraphs":true,"m_FxEnabled":true},"in2DMode":false,"pivot":{"x":-2.9783413410186769,"y":-0.16417166590690614,"z":7.544953346252441},"rotation":{"x":0.16465412080287934,"y":-0.38630005717277529,"z":0.07029560208320618,"w":0.9048404693603516},"size":4.781496047973633,"orthographic":false}