{"cameraMode":{"drawMode":0,"name":"Shaded","section":"Shading Mode"},"sceneLighting":false,"audioPlay":false,"sceneViewState":{"m_AlwaysRefresh":false,"showFog":true,"showSkybox":false,"showFlares":true,"showImageEffects":true,"showParticleSystems":true,"showVisualEffectGraphs":true,"m_FxEnabled":true},"in2DMode":false,"pivot":{"x":1.6872124671936036,"y":2.3478047847747804,"z":1.2367687225341797},"rotation":{"x":0.06655189394950867,"y":-0.8959368467330933,"z":0.14366644620895387,"w":0.4150167405605316},"size":4.781496047973633,"orthographic":false}