{"cameraMode":{"drawMode":0,"name":"Shaded","section":"Shading Mode"},"sceneLighting":false,"audioPlay":false,"sceneViewState":{"m_AlwaysRefresh":false,"showFog":true,"showSkybox":false,"showFlares":true,"showImageEffects":true,"showParticleSystems":true,"showVisualEffectGraphs":true,"m_FxEnabled":true},"in2DMode":false,"pivot":{"x":1.0104907751083375,"y":1.7461673021316529,"z":0.8129891157150269},"rotation":{"x":0.09085102379322052,"y":-0.9080111384391785,"z":0.24810165166854859,"w":0.3259594142436981},"size":1.078896403312683,"orthographic":false}