{"cameraMode":{"drawMode":0,"name":"Shaded","section":"Shading Mode"},"sceneLighting":false,"audioPlay":false,"sceneViewState":{"m_AlwaysRefresh":false,"showFog":true,"showSkybox":false,"showFlares":true,"showImageEffects":true,"showParticleSystems":true,"showVisualEffectGraphs":true,"m_FxEnabled":true},"in2DMode":false,"pivot":{"x":-0.010053277015686036,"y":0.7798309326171875,"z":0.13649141788482667},"rotation":{"x":0.01573175936937332,"y":-0.9711940884590149,"z":0.22841937839984895,"w":0.066681407392025},"size":2.99662184715271,"orthographic":false}