{"cameraMode":{"drawMode":0,"name":"Shaded","section":"Shading Mode"},"sceneLighting":true,"audioPlay":false,"sceneViewState":{"m_AlwaysRefresh":false,"showFog":true,"showSkybox":true,"showFlares":true,"showImageEffects":true,"showParticleSystems":true,"showVisualEffectGraphs":true,"m_FxEnabled":true},"in2DMode":false,"pivot":{"x":-17.50313377380371,"y":1.504414677619934,"z":4.688877105712891},"rotation":{"x":-0.0007465213420800865,"y":-0.5567068457603455,"z":0.0005001819808967412,"w":-0.8307206034660339},"size":2.365537166595459,"orthographic":false}