{"cameraMode":{"drawMode":0,"name":"Shaded","section":"Shading Mode"},"sceneLighting":true,"audioPlay":false,"sceneViewState":{"m_AlwaysRefresh":false,"showFog":true,"showSkybox":true,"showFlares":true,"showImageEffects":true,"showParticleSystems":true,"showVisualEffectGraphs":true,"m_FxEnabled":true},"in2DMode":false,"pivot":{"x":6.314367055892944e-7,"y":0.011413365602493286,"z":-0.0906703770160675},"rotation":{"x":0.12397735565900803,"y":-0.6049444675445557,"z":0.09422285854816437,"w":0.7812181711196899},"size":0.283516526222229,"orthographic":false}