{"cameraMode":{"drawMode":0,"name":"Shaded","section":"Shading Mode"},"sceneLighting":true,"audioPlay":false,"sceneViewState":{"m_AlwaysRefresh":false,"showFog":true,"showSkybox":true,"showFlares":true,"showImageEffects":true,"showParticleSystems":true,"showVisualEffectGraphs":true,"m_FxEnabled":true},"in2DMode":false,"pivot":{"x":-3.150355339050293,"y":1.5113147497177125,"z":-11.058422088623047},"rotation":{"x":0.23175042867660523,"y":-0.03134946897625923,"z":0.007473197765648365,"w":0.9722437262535095},"size":16.531869888305665,"orthographic":false}