{"cameraMode":{"drawMode":0,"name":"Shaded","section":"Shading Mode"},"sceneLighting":true,"audioPlay":false,"sceneViewState":{"m_AlwaysRefresh":false,"showFog":true,"showSkybox":true,"showFlares":true,"showImageEffects":true,"showParticleSystems":true,"showVisualEffectGraphs":true,"m_FxEnabled":true},"in2DMode":false,"pivot":{"x":0.03735560178756714,"y":3.0187082290649416,"z":12.492572784423829},"rotation":{"x":-0.01632816158235073,"y":-0.9748313426971436,"z":0.20815213024616242,"w":-0.08000985532999039},"size":0.2364303469657898,"orthographic":false}