{"cameraMode":{"drawMode":0,"name":"Shaded","section":"Shading Mode"},"sceneLighting":true,"audioPlay":false,"sceneViewState":{"m_AlwaysRefresh":false,"showFog":true,"showSkybox":true,"showFlares":true,"showImageEffects":true,"showParticleSystems":true,"showVisualEffectGraphs":true,"m_FxEnabled":true},"in2DMode":false,"pivot":{"x":424.6412658691406,"y":514.8779907226563,"z":-877.956298828125},"rotation":{"x":0.17896422743797303,"y":-0.026560718193650247,"z":0.004833243787288666,"w":0.9834845662117004},"size":40.672706604003909,"orthographic":false}